season,team,wins,losses,goals,total_yel_card,total_red_card,total_scoring_att,ontarget_scoring_att,hit_woodwork,att_hd_goal,att_pen_goal,att_freekick_goal,att_ibox_goal,att_obox_goal,goal_fastbreak,total_offside,clean_sheet,goals_conceded,outfielder_block,interception,total_tackle,last_man_tackle,total_clearance,own_goals,penalty_conceded,pen_goals_conceded,total_pass,total_long_balls,total_cross,corner_taken,touches,clearance_off_line,penalty_save,total_high_claim,punches,points,Expenditure,Arrivals,Income,Departures,Balance,fs_result
2006-2007,Arsenal FC,19,8,63,59,3,638,226,19,10,10,3,53,10,7,111,12,35,73,214,998,1,1202,1,3,3,18458,2045,873,278,25592,1,0,88,27,68,15000000,15,12930000,18,-2080000,83
2006-2007,Aston Villa,11,10,43,48,1,470,154,9,5,6,1,34,9,6,147,13,41,115,221,936,0,1212,1,4,3,13254,2152,886,213,20002,5,0,57,26,50,24700000,18,4330000,16,-20380000,60
2006-2007,Blackburn Rovers,15,16,52,77,6,478,155,5,12,5,3,43,9,2,142,8,54,114,282,864,2,1095,2,11,6,14033,2544,911,205,20812,8,5,56,25,52,17980000,27,16910000,24,-1070000,58
2006-2007,Bolton Wanderers,16,14,47,84,4,404,120,7,10,6,0,38,9,3,95,12,52,101,235,811,0,1037,3,8,6,12400,2403,942,217,18932,6,2,44,21,56,17000000,20,3850000,16,-13150000,37
2006-2007,Chelsea FC,24,3,64,62,4,636,216,14,16,3,6,41,23,6,127,22,24,74,292,982,0,1206,1,3,2,16759,2270,897,231,24010,2,1,74,22,83,88980000,18,52600000,17,-36380000,85
2006-2007,Everton FC,15,10,52,65,2,465,153,9,9,8,2,44,8,3,81,14,36,120,303,860,1,1386,3,4,2,12274,2288,867,208,19250,2,1,83,15,58,17900000,13,2500000,15,-15400000,65
2006-2007,Fulham FC,8,15,38,56,3,451,142,8,8,3,1,30,8,0,94,7,60,98,198,901,0,1386,2,8,6,11820,2214,895,173,18720,6,1,45,22,39,13800000,19,10520000,23,-3290000,36
2006-2007,Liverpool FC,20,10,57,44,0,668,214,15,8,6,1,46,11,3,120,20,27,65,246,969,2,1115,0,1,1,17154,2800,1107,282,24150,1,0,51,27,68,46000000,27,24730000,27,-21280000,76
2006-2007,Manchester City,11,18,29,59,4,454,147,5,3,2,0,23,6,5,142,14,44,110,234,986,1,1213,2,3,2,12765,2059,811,198,19378,4,1,64,17,42,6500000,20,4200000,22,-2300000,55
2006-2007,Manchester United,28,5,83,60,1,698,256,21,12,5,1,72,11,9,80,16,27,81,254,890,1,1222,1,5,3,18723,2397,918,258,25686,1,2,37,25,89,27200000,23,18000000,26,-9200000,87
2006-2007,Middlesbrough FC,12,16,44,64,2,454,144,7,7,4,1,37,7,3,89,9,49,119,238,841,1,1243,1,7,7,12779,2403,769,187,19199,5,0,78,37,46,11300000,21,4680000,23,-6630000,42
2006-2007,Newcastle United,11,17,38,65,1,454,140,11,8,5,0,30,8,6,102,7,47,141,361,965,0,1004,2,2,2,14628,2649,793,195,21213,9,0,48,26,43,31880000,11,11180000,13,-20700000,43
2006-2007,Portsmouth FC,14,12,45,48,1,525,186,9,13,2,0,32,13,2,141,12,42,96,220,948,1,1164,0,8,6,12616,2276,783,247,19377,4,2,79,30,54,9100000,28,1250000,31,-7850000,57
2006-2007,Reading FC,16,15,52,38,3,419,132,8,15,3,0,42,10,3,87,13,47,95,277,855,0,1022,3,6,6,11232,2378,1067,280,18017,2,0,63,21,55,9230000,27,0,17,-9230000,36
2006-2007,Tottenham Hotspur,17,12,57,48,3,520,184,6,5,6,2,44,13,9,149,6,54,128,276,995,2,1412,2,7,6,14914,2408,796,181,22200,2,0,51,24,60,61000000,19,38650000,22,-22350000,46
2006-2007,West Ham United,12,21,35,85,2,461,134,8,3,1,2,27,8,3,92,9,59,132,233,860,1,1232,2,4,4,13178,2403,849,196,20040,5,0,64,25,41,69850000,23,6750000,23,-63100000,49
2006-2007,Wigan Athletic,10,20,37,73,3,474,147,9,6,3,1,31,6,2,84,10,59,91,204,809,0,1206,5,7,5,11353,2418,813,177,17564,4,2,61,29,38,29380000,23,24330000,25,-5050000,40
2007-2008,Arsenal FC,24,3,74,55,3,627,208,13,14,5,1,65,9,7,110,15,31,91,505,878,1,1840,2,4,3,18831,1946,888,234,28156,2,1,45,26,83,30950000,17,56730000,18,25780000,72
2007-2008,Aston Villa,16,10,71,54,4,511,182,11,16,6,5,55,16,3,115,9,51,139,461,885,0,2220,3,4,2,11438,1982,932,229,20734,6,2,40,14,60,24900000,11,17900000,16,-7000000,62
2007-2008,Blackburn Rovers,15,10,50,72,6,530,185,14,11,5,1,40,10,3,95,8,48,116,550,833,3,2065,1,6,4,13650,2281,883,196,22599,5,2,59,27,58,6200000,19,3980000,18,-2230000,41
2007-2008,Bolton Wanderers,9,19,36,76,0,451,149,14,5,0,2,30,6,2,111,12,54,145,542,866,3,2166,4,5,5,11854,2163,905,208,20846,6,0,47,20,37,22350000,25,21970000,23,-384000,41
2007-2008,Chelsea FC,25,3,65,63,5,605,199,12,10,7,1,52,13,3,128,21,26,101,506,917,4,1687,0,3,3,17252,2154,945,253,26290,8,0,62,19,85,59000000,20,43650000,16,-15350000,83
2007-2008,Everton FC,19,11,55,40,3,474,169,4,13,1,1,48,7,7,73,14,33,133,496,816,2,2136,1,4,4,12397,2142,877,198,21360,8,0,55,20,65,37550000,16,14800000,16,-22750000,63
2007-2008,Fulham FC,8,18,38,55,6,469,154,7,7,2,4,29,9,3,91,7,60,119,466,851,2,2072,2,5,5,12576,2311,849,183,21259,4,0,55,27,36,50430000,38,19500000,27,-30930000,53
2007-2008,Liverpool FC,21,4,67,45,1,686,214,13,7,5,2,51,16,7,93,18,28,83,614,1089,2,1952,2,5,4,16360,2761,932,237,25857,4,1,42,22,76,90700000,26,46750000,26,-43950000,86
2007-2008,Manchester City,15,13,45,50,4,423,143,5,5,2,2,34,11,3,103,11,53,151,482,916,3,1852,2,4,2,15149,2289,695,156,23416,7,2,45,43,55,77950000,31,10560000,26,-67390000,50
2007-2008,Manchester United,27,5,80,51,2,696,260,16,12,6,6,64,16,7,100,21,22,96,446,978,2,2022,0,1,1,17422,2417,936,261,26620,10,0,47,23,87,106500000,25,46600000,22,-59900000,90
2007-2008,Middlesbrough FC,10,16,43,86,2,499,152,13,9,2,2,37,6,6,126,8,53,136,528,835,0,2139,5,2,2,12200,2341,960,219,21064,2,0,68,38,42,50600000,21,30230000,23,-20380000,32
2007-2008,Newcastle United,11,17,45,63,1,481,153,10,10,4,2,34,10,1,102,8,65,132,553,876,1,1823,1,2,2,13947,2420,966,209,22761,8,0,35,20,43,37850000,19,31700000,17,-6150000,34
2007-2008,Portsmouth FC,16,13,48,55,3,559,160,9,4,4,2,35,13,6,95,16,40,105,521,963,1,2103,3,4,2,12794,2278,663,184,21907,4,2,77,28,57,58640000,27,23380000,25,-35270000,41
2007-2008,Sunderland AFC,11,21,36,65,4,483,137,7,10,1,0,31,5,2,75,7,59,125,650,892,0,2051,3,9,9,12727,2244,889,183,21415,5,0,40,25,39,64320000,31,3200000,21,-61120000,36
2007-2008,Tottenham Hotspur,11,14,66,51,1,555,195,19,12,4,1,59,7,9,123,9,61,125,534,960,2,2043,1,1,1,15466,2428,994,238,24679,6,0,46,21,46,94150000,26,22550000,21,-71600000,51
2007-2008,West Ham United,13,15,42,63,1,500,154,15,7,2,2,34,8,3,117,8,50,142,444,848,1,1952,1,6,2,13773,2376,910,207,22347,8,3,77,19,49,47150000,18,42000000,17,-5150000,51
2007-2008,Wigan Athletic,10,18,34,59,4,489,141,11,6,4,1,28,6,3,137,12,51,129,531,883,3,1837,1,4,2,11684,2163,767,186,19855,7,1,68,14,40,17900000,25,17830000,21,-75000,45
2008-2009,Arsenal FC,20,6,68,58,3,662,220,22,14,5,0,62,6,7,88,16,37,87,872,875,6,1280,3,5,3,18991,2044,1069,267,29877,9,2,65,26,72,40150000,15,25800000,11,-14350000,75
2008-2009,Aston Villa,17,10,54,54,2,472,159,15,10,4,2,44,10,10,85,13,48,146,710,982,11,1764,0,6,6,12419,2208,1119,257,23020,4,0,32,26,62,55900000,19,7520000,15,-48380000,64
2008-2009,Blackburn Rovers,10,17,40,74,4,473,148,13,9,4,1,35,5,0,119,10,60,119,557,824,14,1649,2,6,5,13436,2307,865,199,23450,9,0,48,36,41,11680000,25,26500000,26,14820000,50
2008-2009,Bolton Wanderers,11,19,41,62,1,488,154,7,10,0,3,35,6,2,71,7,53,183,555,890,14,1880,2,7,6,10649,2078,853,201,20876,5,1,42,28,41,23700000,14,10880000,16,-12830000,39
2008-2009,Chelsea FC,25,5,68,50,3,797,248,17,12,2,2,59,9,4,114,22,24,124,504,773,15,1069,1,1,0,19923,2121,938,237,29962,3,1,111,35,83,30500000,15,44550000,17,14050000,86
2008-2009,Everton FC,17,9,55,49,1,496,169,12,14,4,4,47,8,0,99,17,37,146,660,775,12,1602,2,3,3,15024,2299,1022,191,25205,4,0,74,25,63,25080000,14,13300000,10,-11780000,61
2008-2009,Fulham FC,14,13,39,40,1,511,149,11,2,5,0,33,6,5,92,15,34,153,667,812,10,1632,0,2,1,16100,2297,765,188,26306,8,1,70,44,53,26850000,29,16330000,39,-10530000,46
2008-2009,Hull City,8,19,39,71,3,476,149,9,13,3,3,33,6,5,141,6,64,160,624,811,15,1677,4,3,2,11809,2363,930,186,21712,4,1,56,22,35,17950000,26,0,18,-17950000,30
2008-2009,Liverpool FC,25,2,77,50,0,736,224,26,14,5,2,65,12,4,98,20,27,66,657,927,5,1279,3,2,2,19505,2714,1021,269,29875,0,0,61,19,86,71450000,29,46450000,29,-25000000,63
2008-2009,Manchester City,15,18,58,49,4,572,201,11,3,6,2,52,6,8,79,10,50,124,740,939,18,1496,2,4,3,15971,2229,690,210,26120,7,1,54,34,50,157350000,26,26500000,18,-130850000,67
2008-2009,Manchester United,28,4,68,61,5,715,230,9,7,4,4,56,12,12,99,24,24,120,640,741,8,1322,1,3,3,19416,2192,1039,257,30077,3,0,56,22,90,45250000,16,7450000,17,-37800000,85
2008-2009,Portsmouth FC,10,17,38,58,5,500,152,19,10,2,1,32,6,2,81,8,57,113,653,922,17,1552,0,7,6,14497,2379,852,194,25414,9,1,79,26,41,28200000,29,54150000,24,25950000,28
2008-2009,Stoke City,12,17,38,73,5,364,100,11,14,5,0,35,3,1,65,12,55,169,574,688,11,1555,2,3,2,9478,2171,697,174,18693,7,0,85,41,45,33950000,24,765000,19,-33190000,47
2008-2009,Sunderland AFC,9,20,34,69,1,473,144,10,8,1,1,27,7,4,96,9,54,173,609,888,6,1596,2,5,3,14144,2126,985,172,24442,4,1,58,27,36,33110000,34,11150000,34,-21960000,44
2008-2009,Tottenham Hotspur,14,15,45,54,5,544,177,7,5,3,0,39,6,7,85,13,45,122,743,781,7,1511,2,4,3,15723,2099,1005,221,26576,6,0,69,56,51,143950000,34,88050000,35,-55900000,70
2008-2009,West Ham United,14,15,42,66,4,515,167,12,4,1,1,37,5,4,130,10,45,190,606,896,13,1601,2,6,3,15316,1901,720,189,25662,7,2,65,37,51,16000000,27,68830000,25,52830000,35
2008-2009,Wigan Athletic,12,17,34,59,4,590,163,10,3,5,2,29,5,2,101,13,45,110,685,934,12,1636,1,3,2,12319,2226,943,210,23071,10,1,38,20,45,24100000,22,24500000,26,400000,36
2009-2010,Arsenal FC,23,9,83,56,1,660,233,15,11,3,2,65,18,9,93,14,41,89,839,818,26,1091,2,7,5,19291,1837,1023,257,29807,3,2,75,24,75,12000000,13,47700000,13,35700000,68
2009-2010,Aston Villa,17,8,52,59,2,497,158,5,12,5,0,44,8,4,81,15,39,225,690,880,6,1531,3,6,6,13127,2055,1031,236,23210,10,0,39,39,64,46900000,21,22100000,16,-24800000,48
2009-2010,Birmingham City,13,14,38,74,1,452,155,7,3,2,4,30,8,4,98,11,47,193,777,785,4,1499,1,3,3,13540,2433,736,186,23678,5,0,78,35,50,20050000,26,400000,27,-19650000,39
2009-2010,Blackburn Rovers,13,14,41,57,2,489,161,18,11,3,0,35,6,2,124,13,55,132,730,709,12,1557,1,2,2,11792,2203,752,181,21245,6,0,61,32,50,13280000,39,36650000,35,23370000,43
2009-2010,Bolton Wanderers,10,19,42,74,5,558,163,10,10,4,2,38,4,0,58,5,67,147,735,912,15,1638,4,5,3,11404,2277,875,183,21587,9,2,50,19,39,12000000,25,2000000,15,-10000000,46
2009-2010,Chelsea FC,27,6,103,54,5,834,288,13,16,11,3,94,9,8,96,18,32,103,705,772,10,1055,1,5,4,18852,2071,1083,286,28914,3,1,87,30,86,30000000,16,3800000,12,-26200000,71
2009-2010,Everton FC,16,9,60,57,2,589,194,12,16,5,2,52,8,2,94,11,49,137,827,768,19,1601,3,2,0,14832,2335,1022,230,24914,4,2,52,17,61,23300000,15,28340000,15,5040000,54
2009-2010,Fulham FC,12,16,39,46,1,463,144,7,4,4,2,30,9,0,92,12,46,147,752,745,10,1459,5,2,2,16505,2104,727,177,26134,5,0,99,29,46,7110000,27,0,24,-7110000,49
2009-2010,Liverpool FC,18,11,61,55,5,642,189,20,6,3,0,53,8,4,62,17,35,81,763,958,6,1094,2,4,3,18575,2454,1017,268,28704,1,1,52,28,63,43500000,21,48550000,26,5050000,58
2009-2010,Manchester City,18,7,73,49,2,526,195,9,9,5,3,63,10,10,120,11,45,120,805,802,18,1269,1,7,5,16323,2335,809,237,26446,4,2,45,21,67,147300000,22,29200000,28,-118100000,71
2009-2010,Manchester United,27,7,86,49,4,695,221,12,14,6,3,77,9,6,85,19,28,100,602,828,13,983,0,2,2,19318,2205,1156,297,28968,2,0,65,18,85,27300000,17,104470000,17,77170000,80
2009-2010,Stoke City,11,13,34,63,5,402,113,5,9,2,0,32,2,1,86,14,48,184,738,724,8,1632,1,6,3,10307,2176,661,181,19825,3,3,117,17,47,26050000,23,6500000,23,-19550000,46
2009-2010,Sunderland AFC,11,16,48,77,9,444,159,11,10,6,1,44,4,6,93,7,56,162,829,890,10,1641,2,6,5,12489,2265,884,180,22903,7,0,54,30,44,37000000,23,21280000,29,-15730000,47
2009-2010,Tottenham Hotspur,21,10,67,58,1,681,226,13,12,2,2,59,8,6,117,13,41,129,804,844,10,1360,0,9,6,15474,2535,912,241,25855,6,3,93,48,70,40300000,32,31700000,31,-8600000,62
2009-2010,West Ham United,8,19,47,62,3,549,191,12,13,7,1,41,6,0,92,8,66,160,755,830,10,1623,3,6,5,14616,2197,689,180,24973,8,1,72,35,35,21650000,23,41300000,26,19650000,33
2009-2010,Wigan Athletic,9,20,37,65,3,555,174,13,10,1,2,32,5,1,50,8,79,131,743,908,13,1353,1,7,7,14753,2607,681,181,25000,11,0,46,20,36,18440000,18,25980000,18,7550000,42
2009-2010,Wolverhampton Wanderers,9,18,32,63,4,436,119,8,6,2,0,29,3,0,65,8,56,127,537,705,15,1618,3,6,5,13020,2307,940,204,22641,6,1,118,29,38,19450000,32,870000,26,-18580000,40
2010-2011,Arsenal FC,19,8,72,65,6,654,238,23,9,4,1,67,5,3,93,13,43,94,709,772,3,1077,1,9,6,20150,1462,928,252,28629,4,2,56,25,68,23000000,18,8100000,22,-14900000,70
2010-2011,Aston Villa,12,14,48,71,2,506,165,19,13,4,2,42,6,4,92,7,59,183,667,844,16,1116,1,4,4,14611,1970,973,230,22681,7,0,30,25,48,37400000,20,28400000,20,-9000000,38
2010-2011,Blackburn Rovers,11,17,46,65,5,453,135,10,9,1,2,39,7,1,87,8,59,183,734,748,11,1521,1,8,6,11178,2057,821,173,19421,8,0,50,26,43,5050000,29,275000,29,-4780000,31
2010-2011,Bolton Wanderers,12,16,52,67,5,570,173,9,10,4,1,44,8,3,57,5,56,150,627,939,17,1466,0,6,3,12704,2360,850,197,21351,10,2,46,22,46,5400000,17,1400000,19,-4000000,36
2010-2011,Chelsea FC,21,9,69,59,1,745,244,21,12,6,2,61,8,4,113,15,33,127,616,769,19,762,1,3,2,19236,2044,995,257,27426,7,1,84,22,71,121500000,19,16500000,21,-105000000,64
2010-2011,Everton FC,13,10,51,55,5,580,181,8,14,3,2,43,8,4,78,9,45,149,470,768,12,1265,2,2,2,14371,2232,1019,245,22628,2,0,51,30,54,1700000,12,6600000,14,4900000,56
2010-2011,Fulham FC,11,11,49,52,1,547,172,10,15,2,2,42,7,2,100,14,43,120,668,799,5,1513,5,1,0,16345,2059,865,191,24796,12,1,82,37,49,11050000,16,12810000,22,1760000,52
2010-2011,Liverpool FC,17,14,59,63,2,582,205,12,8,6,1,54,5,3,87,14,44,128,592,908,2,1073,3,8,7,16728,2038,824,212,24941,6,0,74,26,58,97730000,21,101500000,24,3780000,52
2010-2011,Manchester City,21,9,60,71,5,546,177,16,4,8,2,51,9,2,103,18,33,130,629,826,4,1206,0,4,3,17768,1721,762,222,25892,2,1,66,27,71,183610000,33,40150000,26,-143460000,89
2010-2011,Manchester United,23,4,78,56,3,618,212,15,18,3,1,71,7,5,102,15,37,107,646,693,17,1053,1,6,5,18870,2279,1005,243,26671,2,0,45,16,80,29300000,16,16970000,18,-12340000,89
2010-2011,Newcastle United,11,14,56,78,2,507,168,10,15,5,0,50,6,1,82,9,57,134,608,666,11,1025,2,6,5,14194,2104,1022,202,22108,7,0,56,26,46,13980000,18,41750000,16,27770000,65
2010-2011,Stoke City,13,18,46,68,2,482,143,20,11,3,2,42,4,4,74,9,48,156,532,716,13,1316,2,5,3,10349,2062,766,191,18195,5,2,64,20,46,21100000,24,6780000,23,-14330000,45
2010-2011,Sunderland AFC,12,15,45,57,5,532,154,10,7,4,1,40,5,2,98,13,56,134,694,820,17,1291,1,6,5,14166,2220,863,181,22628,16,0,62,40,47,29100000,29,41780000,29,12680000,45
2010-2011,Tottenham Hotspur,16,8,55,51,2,657,191,15,10,5,0,40,15,3,59,8,46,139,661,754,16,1363,1,6,4,16791,2407,954,256,25438,6,2,68,50,62,26600000,39,2940000,33,-23670000,69
2010-2011,West Bromwich Albion,12,15,56,52,7,597,184,12,10,4,1,50,6,3,102,2,71,126,662,725,10,1088,5,6,6,14252,2286,807,187,22224,8,0,38,23,47,13830000,28,850000,25,-12980000,47
2010-2011,Wigan Athletic,9,14,40,67,4,511,170,9,3,2,5,32,8,5,71,7,61,116,763,914,20,1196,0,6,4,15180,2217,620,169,23517,5,1,50,25,42,11400000,23,3400000,21,-8000000,43
2010-2011,Wolverhampton Wanderers,11,20,46,62,2,459,139,14,10,3,1,41,5,1,93,5,66,151,520,677,11,1205,2,4,4,14823,2350,1104,241,22772,7,0,84,19,40,20220000,28,6440000,25,-13780000,25
2011-2012,Arsenal FC,21,10,74,64,4,637,236,15,9,2,2,64,10,9,88,13,49,93,605,751,25,766,5,4,3,20599,1665,896,262,28338,3,1,52,27,70,65480000,33,78290000,26,12820000,73
2011-2012,Aston Villa,7,14,37,70,2,438,138,9,3,3,0,29,8,1,85,9,53,176,740,774,4,1301,2,7,6,13158,1980,834,218,21017,8,0,41,15,38,20340000,20,43750000,25,23410000,41
2011-2012,Chelsea FC,18,10,65,74,4,671,224,20,12,4,0,60,5,2,70,10,46,111,637,698,5,881,1,6,4,18766,2021,972,253,26276,10,0,70,17,64,96450000,22,31560000,22,-64890000,75
2011-2012,Everton FC,15,12,50,60,2,520,164,12,9,5,1,42,8,1,116,12,40,145,617,624,6,1130,3,4,1,15063,2048,877,180,22706,2,2,57,25,56,7200000,19,26800000,15,19600000,63
2011-2012,Fulham FC,14,14,48,54,0,541,195,24,7,3,2,42,6,3,85,11,51,141,644,669,3,1005,2,3,3,17669,2004,649,187,24891,4,0,69,26,52,18130000,21,7670000,17,-10460000,43
2011-2012,Liverpool FC,14,14,47,53,5,667,207,33,8,1,2,40,7,3,128,12,40,108,505,728,5,720,3,5,4,18797,2260,1103,309,26450,2,1,22,19,52,65330000,21,22000000,18,-43330000,61
2011-2012,Manchester City,28,5,93,51,5,738,250,21,10,7,1,73,20,6,85,17,29,111,631,694,6,930,2,3,2,20863,1734,843,269,28620,6,1,39,21,89,91050000,29,31200000,35,-59850000,78
2011-2012,Manchester United,28,5,89,51,1,646,243,17,16,9,2,74,15,2,89,20,33,138,574,803,6,1165,2,3,2,20184,2189,1018,279,28113,3,1,37,26,89,62300000,15,12900000,18,-49410000,89
2011-2012,Newcastle United,19,11,56,67,2,489,154,19,6,2,3,44,12,4,97,15,51,143,621,744,8,987,0,9,7,14638,2130,730,171,22210,12,2,59,23,65,27000000,27,16040000,26,-10960000,41
2011-2012,Norwich City,12,15,52,58,3,514,164,7,15,2,1,47,5,4,74,3,66,157,468,692,6,1451,1,7,5,15165,2430,863,165,22830,9,2,56,20,47,15250000,19,500000,18,-14750000,44
2011-2012,Queens Park Rangers,10,21,43,54,9,539,150,15,10,2,3,36,7,0,83,7,66,187,547,764,1,1412,2,3,3,13383,2149,796,195,21309,8,0,26,22,37,26230000,46,2800000,41,-23430000,25
2011-2012,Stoke City,11,15,36,60,2,376,94,7,14,4,0,33,3,1,62,9,53,157,461,655,4,1910,3,7,7,10831,2194,826,166,18936,4,0,68,23,45,24800000,26,1990000,26,-22820000,42
2011-2012,Sunderland AFC,11,15,45,60,4,458,141,11,8,1,5,32,13,3,76,12,46,194,652,824,7,1158,2,5,3,13913,2135,864,181,21770,8,1,65,26,45,27920000,35,26330000,31,-1600000,39
2011-2012,Swansea City,12,15,44,40,2,472,145,14,7,5,1,36,8,1,67,14,51,146,579,709,3,1048,2,3,1,20795,2121,721,201,28300,3,2,69,22,47,12850000,23,455000,20,-12400000,46
2011-2012,Tottenham Hotspur,20,9,66,43,3,701,230,12,5,4,1,52,14,5,93,14,41,122,716,733,12,1045,1,1,1,19564,2323,846,279,27761,6,0,28,12,69,9000000,36,43250000,36,34250000,72
2011-2012,West Bromwich Albion,13,17,45,48,1,544,167,13,9,1,2,35,10,3,128,10,52,167,556,683,6,960,2,9,7,14691,1776,783,212,22205,7,2,60,19,47,9140000,25,11120000,26,1980000,49
2011-2012,Wigan Athletic,11,17,42,67,3,519,162,13,6,5,1,29,13,2,71,8,62,129,578,729,7,925,1,8,4,15715,2154,744,212,22943,3,4,42,23,43,12380000,23,11290000,15,-1090000,36
2012-2013,Arsenal FC,21,7,72,42,5,597,205,16,11,5,2,65,7,7,80,14,37,94,636,748,19,873,0,6,4,21110,1755,951,260,28862,5,1,31,20,73,56000000,16,65850000,18,9850000,79
2012-2013,Aston Villa,10,17,47,72,3,438,141,10,7,3,1,35,12,6,97,5,69,177,769,741,9,1520,5,8,7,14247,1900,676,177,22314,9,1,101,25,41,27830000,18,3200000,12,-24630000,38
2012-2013,Chelsea FC,22,7,75,51,3,626,212,7,16,9,3,64,11,3,80,14,39,104,504,710,4,981,2,1,0,18425,2008,863,240,25959,1,0,53,29,75,109700000,29,25450000,28,-84250000,82
2012-2013,Everton FC,16,7,55,59,3,633,207,21,13,2,1,44,11,4,100,11,40,126,592,720,7,1172,2,2,2,15829,2055,989,257,23854,8,0,61,28,63,21650000,12,18750000,13,-2900000,72
2012-2013,Fulham FC,11,17,50,48,3,460,160,19,10,6,1,43,7,2,74,8,60,161,745,680,3,1274,0,6,3,16940,2131,733,176,24744,7,3,67,24,43,10000000,26,31420000,28,21420000,32
2012-2013,Liverpool FC,16,9,71,54,2,739,232,19,9,5,3,59,12,1,110,16,43,107,526,795,2,914,1,5,4,19802,2040,794,284,27722,3,1,38,23,61,70600000,19,10450000,18,-60150000,84
2012-2013,Manchester City,23,6,66,62,3,660,231,16,6,4,2,57,9,6,75,18,34,111,492,683,3,1068,2,2,1,20061,1613,860,269,27525,6,1,28,23,78,61950000,24,44300000,26,-17650000,86
2012-2013,Manchester United,28,5,86,57,1,561,213,24,14,4,1,77,9,2,96,13,43,143,514,731,4,1319,4,0,0,19696,1973,962,218,27264,5,0,38,28,89,76450000,18,9650000,15,-66800000,64
2012-2013,Newcastle United,11,19,45,71,4,533,174,12,6,4,3,34,11,2,84,6,68,115,478,732,9,1584,1,4,4,14599,2285,941,203,23005,5,0,74,38,41,31970000,21,14800000,19,-17170000,49
2012-2013,Norwich City,10,14,41,60,1,413,134,7,13,1,4,36,5,0,97,10,58,141,540,676,4,1146,3,7,4,13403,1994,837,172,20675,5,2,46,19,44,11080000,28,380000,24,-10700000,33
2012-2013,Southampton FC,9,15,49,43,2,516,167,16,9,3,2,45,4,2,86,7,60,109,779,819,21,1275,5,5,2,16810,1826,917,209,25365,3,3,56,16,41,41500000,29,0,25,-41500000,56
2012-2013,Stoke City,9,14,34,78,4,390,114,12,9,3,0,33,1,1,72,12,45,159,499,728,5,1161,4,6,6,12287,1989,855,165,19830,3,0,91,6,42,23680000,23,640000,24,-23040000,50
2012-2013,Sunderland AFC,9,17,41,62,3,417,139,7,2,4,1,33,8,3,68,11,54,178,582,784,9,1155,4,4,4,13109,1952,868,179,20782,8,0,52,39,39,38300000,26,14830000,30,-23480000,38
2012-2013,Swansea City,11,14,47,58,2,504,167,11,7,0,1,41,6,2,87,10,51,157,697,686,2,1353,1,5,4,19943,2024,790,193,27641,10,1,51,25,46,20470000,20,32600000,22,12130000,42
2012-2013,Tottenham Hotspur,21,8,66,55,2,681,241,17,6,0,2,50,16,6,77,9,46,90,721,745,8,1595,1,3,3,16647,2028,884,262,25155,6,0,44,30,72,73250000,29,72780000,34,-470000,69
2012-2013,West Bromwich Albion,14,17,53,63,4,506,170,15,13,5,0,46,7,5,100,8,57,158,377,698,1,1079,3,6,5,14367,1896,778,202,21491,3,1,77,15,49,5000000,16,3730000,18,-1280000,36
2012-2013,West Ham United,12,16,45,74,1,492,158,9,9,4,2,38,7,2,82,11,53,166,459,728,4,1520,1,2,2,12582,1910,1014,212,20669,4,0,36,6,46,23900000,24,5050000,28,-18850000,40
2013-2014,Arsenal FC,24,7,68,53,4,523,213,15,12,3,0,63,5,4,74,17,41,101,541,714,14,1207,2,6,5,21561,1799,753,210,29825,3,1,70,27,79,49250000,21,12150000,22,-37100000,75
2013-2014,Aston Villa,10,20,39,78,0,431,135,11,10,2,3,33,6,4,84,9,61,126,460,747,4,1068,4,6,5,13856,2298,749,163,21453,3,1,102,15,38,19840000,34,8100000,29,-11740000,38
2013-2014,Chelsea FC,25,6,71,57,3,692,229,19,6,5,2,54,17,5,106,18,27,95,380,733,4,1141,2,1,1,18266,2052,809,248,26541,2,0,42,16,82,130350000,38,77930000,36,-52420000,87
2013-2014,Crystal Palace,13,19,33,58,2,414,143,9,6,5,1,28,5,2,71,12,48,139,695,845,7,1409,2,6,6,11792,1904,706,172,20309,4,0,81,8,45,33000000,42,0,32,-33000000,48
2013-2014,Everton FC,21,8,61,55,1,561,196,14,6,3,5,49,12,3,80,15,39,130,463,744,9,1103,4,6,3,18301,2239,848,251,26857,2,2,59,14,72,31800000,19,46100000,19,14300000,47
2013-2014,Hull City,10,21,38,53,4,427,132,16,10,2,1,30,8,2,86,10,53,146,616,723,4,1048,2,4,3,15267,2181,853,160,22985,6,1,24,24,37,31100000,32,880000,32,-30220000,35
2013-2014,Liverpool FC,26,6,101,54,1,651,258,27,14,10,6,82,19,9,78,10,50,127,465,848,3,1339,6,4,3,19599,1895,643,224,28172,5,1,36,29,84,58100000,18,32500000,23,-25600000,62
2013-2014,Manchester City,27,6,102,72,1,673,238,19,10,6,5,86,16,5,59,16,37,61,496,756,8,938,2,1,1,20761,1791,892,283,28341,0,0,64,31,86,115500000,16,11300000,18,-104200000,79
2013-2014,Manchester United,19,12,64,66,3,526,183,16,10,5,5,53,11,1,97,13,43,108,595,676,4,1382,1,4,3,18894,2077,1000,216,27367,1,0,32,14,64,77130000,18,1800000,20,-75330000,70
2013-2014,Newcastle United,15,19,43,53,6,579,182,14,8,2,1,35,8,3,78,10,59,101,601,736,15,1110,1,5,5,16087,1810,787,190,24484,4,0,51,21,49,3800000,14,25870000,17,22070000,39
2013-2014,Southampton FC,15,12,54,60,0,534,179,16,10,3,2,46,8,2,97,15,46,66,528,805,6,1201,1,3,3,19577,2401,877,210,28030,1,0,50,18,56,39600000,15,4200000,23,-35400000,60
2013-2014,Stoke City,13,14,45,72,5,428,137,14,2,4,2,31,14,3,81,9,52,153,474,791,5,1090,1,7,5,15324,1970,731,164,23324,2,2,84,17,50,7000000,20,0,20,-7000000,54
2013-2014,Sunderland AFC,10,20,41,69,7,491,138,10,7,6,1,37,4,4,70,11,60,144,414,702,2,903,6,2,2,14457,2092,749,188,21922,3,0,71,20,38,33910000,36,22380000,33,-11530000,38
2013-2014,Swansea City,11,18,54,55,3,496,161,7,9,4,0,45,9,0,76,8,54,117,644,674,7,1083,1,4,4,21113,2126,902,226,29158,6,0,45,20,42,26610000,24,0,17,-26610000,56
2013-2014,Tottenham Hotspur,21,11,55,66,4,588,192,12,6,5,2,45,10,4,64,14,51,81,560,750,4,974,3,5,3,17933,2121,849,230,26241,3,1,41,38,69,122550000,30,138400000,28,15850000,64
2013-2014,West Bromwich Albion,7,16,43,67,0,487,146,6,6,2,0,35,8,1,91,7,59,125,595,701,1,1176,2,7,5,14704,1942,834,187,22866,0,2,65,14,36,15700000,16,11400000,16,-4300000,44
2013-2014,West Ham United,11,20,40,62,5,422,122,11,5,2,1,36,4,2,76,14,51,199,404,651,12,1401,1,6,6,12364,2061,951,185,20511,8,0,54,9,40,24000000,24,530000,19,-23470000,47
2014-2015,Arsenal FC,22,7,71,68,2,610,227,13,10,6,3,62,9,2,64,13,36,106,762,739,3,1006,1,3,3,20527,1749,866,254,29045,2,0,76,13,75,118980000,18,27800000,22,-91180000,71
2014-2015,Aston Villa,10,20,31,70,7,418,125,5,7,1,1,28,3,2,70,10,57,135,487,623,6,1130,1,4,4,16527,2740,766,171,23785,2,0,77,18,38,13450000,29,1320000,32,-12140000,17
2014-2015,Chelsea FC,26,3,73,73,4,564,210,15,10,4,1,66,7,1,75,17,32,102,376,759,2,1027,1,3,3,20268,2276,682,226,27861,2,0,73,13,87,137700000,42,142810000,48,5110000,50
2014-2015,Crystal Palace,13,16,47,63,4,441,139,14,10,5,4,41,6,0,77,7,51,154,600,791,2,1270,0,6,4,12071,2609,834,209,20386,7,2,77,9,48,31220000,41,2870000,39,-28350000,42
2014-2015,Everton FC,12,15,48,66,2,483,166,11,10,4,1,40,8,5,83,10,50,167,444,657,8,1280,2,4,4,18809,2563,690,194,26729,3,0,71,24,47,40160000,17,1900000,15,-38260000,47
2014-2015,Leicester City,11,19,46,49,4,456,137,12,7,3,0,38,8,3,60,10,55,161,750,791,5,1177,5,4,3,13343,2706,912,211,21547,2,0,38,26,41,22860000,30,0,23,-22860000,81
2014-2015,Liverpool FC,18,12,52,66,3,590,192,12,5,5,1,44,8,2,75,14,48,105,442,798,9,1175,2,3,1,19374,2151,638,198,27353,3,2,38,41,62,151430000,25,99270000,21,-52160000,60
2014-2015,Manchester City,24,7,83,77,2,670,229,18,5,7,3,68,15,9,78,14,38,98,569,751,1,872,3,4,3,22107,1937,795,277,29652,1,1,52,31,79,102800000,14,30300000,16,-72500000,66
2014-2015,Manchester United,20,8,62,64,5,512,180,11,12,3,2,55,7,2,87,11,37,96,679,739,4,1118,1,4,3,21311,2969,908,214,29044,5,1,33,7,70,195350000,25,46700000,26,-148650000,66
2014-2015,Newcastle United,10,19,40,65,7,468,143,6,7,1,0,34,6,1,38,8,63,100,639,824,6,1020,1,4,4,15019,2378,864,222,23375,3,0,53,21,39,45020000,23,23870000,25,-21150000,37
2014-2015,Southampton FC,18,14,54,57,3,509,169,17,3,2,0,50,4,0,93,15,33,94,619,813,5,875,0,2,2,18184,2729,952,208,25815,4,0,50,15,60,96000000,25,123830000,21,27830000,63
2014-2015,Stoke City,15,14,48,82,1,500,136,9,14,3,0,41,7,1,75,9,45,134,496,729,8,1159,0,5,5,15386,2429,887,195,23427,3,0,68,12,54,1800000,18,3800000,19,2000000,51
2014-2015,Sunderland AFC,7,14,31,94,2,408,130,11,8,4,2,25,6,2,69,13,53,168,578,759,4,994,5,4,4,14451,2484,687,186,22037,3,0,82,17,38,22520000,21,7250000,31,-15270000,39
2014-2015,Swansea City,16,14,46,48,5,426,147,12,5,2,2,38,8,1,80,13,49,146,693,634,0,1203,1,2,2,17877,2291,634,151,25645,3,0,91,31,56,41530000,24,61900000,27,20370000,47
2014-2015,Tottenham Hotspur,19,12,58,79,4,527,171,11,8,3,4,47,11,2,77,9,53,117,674,815,6,1047,2,7,5,19322,2357,742,224,27495,1,1,51,28,64,48480000,20,44150000,24,-4330000,70
2014-2015,West Bromwich Albion,11,16,38,64,3,412,132,10,16,4,0,35,3,1,65,16,51,155,585,696,2,1084,0,7,5,14445,2732,712,171,21820,4,1,76,13,44,24880000,16,2300000,20,-22580000,43
2014-2015,West Ham United,12,15,44,64,2,488,152,13,15,1,1,35,9,1,91,9,47,165,505,647,7,1474,2,5,2,13568,2548,968,241,21793,3,3,52,15,47,35150000,25,4400000,26,-30750000,62
2015-2016,AFC Bournemouth,11,18,45,53,1,464,143,8,11,3,0,39,6,0,66,7,67,106,640,709,1,951,0,6,4,17270,2484,749,221,25291,2,2,58,12,42,55110000,36,650000,33,-54460000,46
2015-2016,Arsenal FC,20,7,65,40,4,571,211,21,13,1,1,61,4,3,86,18,36,128,734,709,4,849,3,1,1,21249,1859,754,227,29337,3,0,45,20,71,26500000,15,2500000,12,-24000000,75
2015-2016,Chelsea FC,12,12,59,58,5,526,173,4,6,4,4,48,11,1,90,9,53,136,518,790,2,790,2,4,3,19664,2312,732,240,27362,4,1,54,27,50,96500000,39,87490000,37,-9010000,93
2015-2016,Crystal Palace,11,18,39,60,2,469,153,12,7,4,1,33,6,0,81,8,51,176,698,649,3,963,4,4,4,13785,2759,969,219,21861,4,0,43,5,42,28800000,19,5400000,23,-23400000,41
2015-2016,Everton FC,11,13,59,44,5,491,175,18,10,4,0,53,6,2,55,10,55,160,511,730,3,994,1,6,5,17947,2742,782,218,25741,4,0,53,14,47,48200000,18,11000000,17,-37200000,61
2015-2016,Leicester City,23,3,68,48,3,522,179,11,11,10,0,65,3,6,50,15,36,166,819,869,0,1040,0,4,4,13370,2695,762,197,21710,7,0,49,22,81,49900000,25,9450000,32,-40450000,44
2015-2016,Liverpool FC,16,10,63,61,3,629,202,16,12,2,1,48,15,1,91,11,50,108,549,871,4,871,1,3,2,19733,2370,780,265,27890,2,1,41,18,60,126500000,24,90550000,24,-35950000,76
2015-2016,Manchester City,19,10,71,61,0,615,210,15,13,5,0,57,14,5,63,16,41,66,630,729,3,940,1,1,1,20488,2082,866,257,28396,2,0,38,41,66,208470000,22,67440000,25,-141030000,78
2015-2016,Manchester United,19,10,49,65,1,430,144,9,5,3,1,44,5,2,75,18,35,96,594,760,4,755,2,2,2,20070,2649,786,228,27542,4,0,29,13,66,156000000,21,100670000,20,-55330000,69
2015-2016,Southampton FC,18,11,59,57,6,519,166,13,15,3,1,53,6,3,98,12,41,136,709,714,3,1101,0,1,1,15913,2509,956,220,23716,6,0,36,12,63,60100000,16,52700000,17,-7400000,46
2015-2016,Stoke City,14,15,41,51,4,419,128,5,9,5,0,33,8,0,103,10,55,149,576,710,7,826,0,5,5,16342,2379,683,153,23663,3,0,59,15,51,53650000,13,23200000,14,-30450000,44
2015-2016,Sunderland AFC,9,17,48,64,2,439,141,10,2,3,4,40,8,2,88,7,62,144,571,767,4,1277,1,8,7,12799,2635,589,153,20339,7,0,64,19,39,66050000,29,11000000,25,-55050000,24
2015-2016,Swansea City,12,15,42,60,1,441,136,14,6,5,3,35,7,3,82,9,52,134,679,638,2,1058,5,2,2,18169,2416,725,163,25989,2,0,85,34,47,21810000,20,16810000,24,-5010000,41
2015-2016,Tottenham Hotspur,19,6,69,72,0,659,252,19,7,5,2,59,10,3,72,13,35,140,645,805,1,1046,3,2,2,18649,2554,738,254,27014,2,0,38,27,70,71000000,11,87250000,21,16250000,86
2015-2016,Watford FC,12,17,40,73,3,446,140,9,5,6,1,37,3,0,52,11,50,111,764,794,1,931,2,8,4,14530,2939,704,164,22363,2,3,67,66,45,82800000,33,9750000,30,-73050000,40
2015-2016,West Bromwich Albion,10,15,34,65,3,388,107,10,12,1,1,31,3,0,68,11,48,172,721,642,4,992,3,6,5,12262,2661,847,188,19822,5,0,54,14,43,42900000,12,12920000,13,-29980000,45
2015-2016,West Ham United,16,8,65,58,5,558,185,19,15,4,4,55,10,2,82,11,51,162,668,711,1,1003,2,8,6,15031,2568,805,224,23104,8,2,50,19,62,52700000,25,18520000,26,-34190000,45
2016-2017,AFC Bournemouth,12,16,55,52,3,452,160,19,5,7,0,51,5,2,53,10,67,150,460,604,1,1092,5,5,2,17152,2461,628,193,24801,4,2,36,21,46,40690000,19,23690000,30,-17000000,44
2016-2017,Arsenal FC,23,9,77,68,3,566,201,17,17,4,2,70,7,2,95,13,44,95,536,673,5,838,1,10,10,21394,1979,697,227,28931,1,0,36,10,75,113000000,11,10350000,12,-102650000,63
2016-2017,Burnley FC,11,20,39,65,2,391,120,5,4,6,3,31,8,2,101,10,55,221,539,638,2,1233,2,5,4,12558,3176,650,149,19776,6,1,29,14,40,45600000,27,1200000,26,-44400000,54
2016-2017,Chelsea FC,30,5,85,72,0,580,204,17,8,2,3,73,12,7,64,16,33,78,510,652,0,839,1,2,2,20125,2399,688,218,27658,3,0,38,18,93,132800000,27,108900000,30,-23900000,70
2016-2017,Crystal Palace,12,21,50,77,0,439,138,8,13,4,0,48,2,0,55,7,63,125,553,699,4,1022,0,2,2,13542,2729,872,203,21533,7,0,56,12,41,101200000,22,50200000,24,-51000000,44
2016-2017,Everton FC,17,11,62,72,2,502,191,12,13,3,2,59,3,2,82,13,44,149,461,712,6,1118,1,6,3,17586,2968,767,196,25309,9,2,56,19,61,86000000,18,60800000,19,-25200000,49
2016-2017,Leicester City,12,18,48,72,1,433,145,8,10,4,1,39,9,4,65,9,63,141,538,677,3,1025,2,4,4,13671,2792,731,197,21051,2,0,45,16,44,92100000,17,66050000,18,-26050000,47
2016-2017,Liverpool FC,22,6,78,54,0,640,236,18,12,7,3,65,13,3,77,12,42,65,410,719,2,877,0,5,3,22290,2565,812,249,30071,0,2,36,26,76,79900000,21,85380000,19,5480000,75
2016-2017,Manchester City,23,6,80,71,4,633,216,20,8,7,2,73,7,6,89,12,39,66,504,643,0,905,1,5,2,22706,1997,801,280,30363,4,2,26,20,78,216250000,31,35350000,25,-180900000,100
2016-2017,Manchester United,18,5,54,78,2,591,210,19,9,3,1,47,7,5,99,17,29,99,584,690,4,1112,1,5,4,20245,2424,848,217,28119,1,1,32,4,69,185000000,8,47250000,13,-137750000,81
2016-2017,Southampton FC,12,16,41,59,2,550,179,12,4,3,0,37,4,0,73,14,48,128,514,675,1,914,1,9,6,18245,2336,947,198,25881,4,1,26,12,46,68900000,12,85050000,9,16150000,36
2016-2017,Stoke City,11,16,41,70,2,425,137,14,7,4,2,36,5,0,85,11,56,159,497,666,3,1009,5,3,1,14558,2507,718,188,22087,5,1,40,23,44,42170000,14,3800000,13,-38370000,33
2016-2017,Swansea City,12,21,45,56,0,405,145,10,15,3,2,40,5,1,49,8,70,136,459,635,1,1037,5,9,6,16131,2579,864,196,23728,2,1,72,16,41,58100000,21,49300000,17,-8800000,33
2016-2017,Tottenham Hotspur,26,4,86,62,0,669,257,22,10,7,0,74,12,3,74,17,26,99,314,661,1,1003,1,2,2,20150,2662,761,273,28150,1,0,21,11,86,83500000,8,52300000,9,-31200000,77
2016-2017,Watford FC,11,20,40,84,5,422,143,7,9,3,0,36,4,0,61,7,68,140,512,618,0,1016,2,4,3,14049,2600,686,164,21547,3,1,53,35,40,70450000,29,58100000,32,-12350000,41
2016-2017,West Bromwich Albion,12,17,43,80,0,399,123,11,16,1,1,37,6,3,59,6,51,150,537,605,0,999,1,3,3,11825,2653,766,159,19042,3,0,53,10,45,37900000,13,26980000,14,-10930000,31
2016-2017,West Ham United,12,17,47,78,5,499,138,14,14,3,3,41,6,3,74,10,64,112,614,574,4,1074,0,8,5,15127,2622,752,172,22666,3,1,47,11,45,83500000,22,41000000,15,-42500000,42
2017-2018,AFC Bournemouth,11,16,45,55,1,465,158,10,4,3,1,38,7,0,52,6,61,160,367,508,3,1037,1,3,2,16131,2299,707,218,23634,6,1,37,20,44,34300000,15,0,14,-34300000,45
2017-2018,Arsenal FC,19,13,74,57,2,594,234,17,13,4,1,68,7,0,89,13,51,104,427,623,5,829,0,6,5,23524,1994,572,225,30635,5,1,39,24,63,152850000,10,162000000,16,9150000,70
2017-2018,Brighton & Hove Albion,9,16,34,54,2,384,119,8,7,5,0,30,4,0,98,10,54,190,449,599,1,1085,5,3,1,14675,2774,680,163,21668,10,2,38,14,40,70000000,23,400000,22,-69600000,36
2017-2018,Burnley FC,14,12,36,65,0,378,128,9,10,0,1,32,4,0,100,12,39,191,401,533,2,1184,1,6,3,13572,3028,707,167,20732,5,1,60,19,54,35740000,20,50000000,22,14260000,40
2017-2018,Chelsea FC,21,10,62,42,4,606,220,11,17,3,2,52,10,1,108,16,38,107,423,636,1,768,2,2,2,21264,2140,755,230,28728,3,0,27,12,70,260500000,40,194600000,31,-65900000,72
2017-2018,Crystal Palace,11,16,45,72,0,476,151,8,4,8,1,39,6,3,56,9,55,117,552,685,6,1022,2,2,2,14372,2416,703,210,22434,6,0,39,11,44,55950000,15,3000000,18,-52950000,49
2017-2018,Everton FC,13,15,44,51,3,359,121,7,8,5,0,36,8,2,82,10,58,160,514,644,0,1229,1,5,3,14749,2726,629,150,22298,6,1,28,23,49,203200000,23,126380000,20,-76820000,54
2017-2018,Huddersfield Town,9,19,28,62,3,362,109,8,5,2,0,27,1,2,67,10,58,118,519,744,4,1070,1,6,4,14960,2563,765,165,22619,6,2,31,24,37,56750000,22,6460000,16,-50300000,16
2017-2018,Leicester City,12,15,56,52,5,423,149,8,9,5,1,49,7,7,92,9,60,130,413,630,1,920,2,4,2,15200,2667,744,203,22770,4,2,29,23,47,83850000,14,50100000,13,-33750000,52
2017-2018,Liverpool FC,21,5,84,44,1,638,233,16,12,2,2,75,9,9,70,17,38,71,379,637,4,736,0,6,4,22962,2370,764,230,30324,2,2,25,20,75,173650000,13,184500000,15,10850000,97
2017-2018,Manchester City,32,2,106,59,2,665,265,23,12,6,1,93,13,4,67,18,27,53,346,563,3,588,2,2,0,28241,1775,691,284,35130,4,2,21,15,100,317500000,31,91350000,32,-226150000,98
2017-2018,Manchester United,25,7,68,64,1,512,178,16,12,1,2,56,13,4,88,19,28,112,481,564,0,853,2,1,1,20064,2308,753,220,27525,4,0,20,6,81,198400000,12,45500000,10,-152900000,66
2017-2018,Newcastle United,12,18,39,52,2,451,149,12,7,0,1,34,5,5,63,9,47,117,441,644,6,1125,3,6,4,14028,2610,616,167,21506,7,2,40,18,44,46500000,27,21220000,29,-25280000,45
2017-2018,Southampton FC,7,16,37,63,2,450,145,15,7,3,1,34,3,2,73,8,56,128,462,658,4,953,1,2,1,17174,2541,800,227,24639,4,1,29,13,36,61250000,12,98350000,14,37100000,39
2017-2018,Tottenham Hotspur,23,7,74,50,2,623,216,13,11,2,1,64,11,8,88,16,36,74,380,618,3,825,1,3,2,21660,2447,825,246,29412,1,0,20,21,77,121000000,15,103800000,12,-17200000,71
2017-2018,Watford FC,11,19,44,63,4,440,132,8,9,3,0,38,6,1,74,9,64,98,467,668,2,953,1,6,6,15654,2410,713,183,23127,5,0,25,28,41,73400000,32,18740000,30,-54660000,50
2017-2018,West Ham United,10,16,48,73,2,372,133,14,6,2,1,39,10,4,97,10,68,154,482,621,2,1007,1,7,5,14369,2567,732,161,21928,4,1,19,19,42,56800000,15,64020000,25,7220000,52
